risk_tier,n,mdr_pct,mean_score,mean_age
Low,597,80.4,2.180904522613065,63.95142378559464
Moderate,651,84.9,5.314900153609831,71.65284178187405
High,478,95.6,8.303347280334728,73.51255230125523
Critical,274,100.0,11.85036496350365,78.15693430656934
